ride_id,rider_id,driver_id,ride_date,distance_km,fare,status
1,63,24,2025-01-14,20.6,310.55,completed
2,91,47,2025-01-20,17.1,325.42,completed
3,79,30,2025-03-10,14.4,171.42,completed
4,35,6,2025-02-11,9.5,119.27,completed
5,60,25,2025-03-14,11.3,137.24,completed
6,42,23,2025-01-24,25.7,466.28,completed
7,77,36,2025-03-31,1.1,49.41,completed
8,11,32,2025-01-31,18.1,265.54,completed
9,61,29,2025-03-24,25.5,457.91,completed
10,29,20,2025-02-21,21.5,231.63,completed
11,71,48,2025-03-09,18.0,198.04,completed
12,59,15,2025-02-04,4.6,85.03,completed
13,16,45,2025-03-10,6.6,87.03,completed
14,62,49,2025-02-05,17.2,189.06,completed
15,13,24,2025-01-25,6.4,105.4,completed
16,69,4,2025-01-17,18.1,205.9,completed
17,17,32,2025-03-23,4.0,73.45,completed
18,37,22,2025-03-02,6.6,83.73,completed
19,62,26,2025-01-15,16.1,184.49,completed
20,88,37,2025-01-07,30.4,426.02,completed
21,32,27,2025-01-16,19.7,222.96,completed
22,29,29,2025-03-08,10.1,204.48,completed
23,55,4,2025-02-09,19.8,222.9,completed
24,27,43,2025-03-22,3.3,68.69,completed
25,71,27,2025-01-10,14.9,173.43,completed
26,38,46,2025-01-05,9.6,128.39,completed
27,10,17,2025-03-29,25.4,370.32,completed
28,85,35,2025-01-26,7.8,97.08,completed
29,35,,2025-01-19,,,cancelled
30,22,37,2025-02-09,29.5,421.13,completed
31,60,26,2025-03-30,30.2,316.91,completed
32,64,,2025-02-26,,,cancelled
33,6,39,2025-02-25,8.6,103.53,completed
34,87,2,2025-03-15,32.0,337.45,completed
35,35,,2025-03-15,,,cancelled
36,23,29,2025-03-02,29.4,526.37,completed
37,75,32,2025-02-25,31.0,441.7,completed
38,53,7,2025-02-12,27.6,393.68,completed
39,89,26,2025-03-05,26.2,279.9,completed
40,59,21,2025-01-12,4.4,93.97,completed
41,66,35,2025-01-01,15.2,165.48,completed
42,67,32,2025-02-16,20.3,305.19,completed
43,27,19,2025-02-04,14.5,171.72,completed
44,16,39,2025-01-04,25.7,278.35,completed
45,40,,2025-03-12,,,cancelled
46,53,8,2025-01-12,15.2,166.75,completed
47,20,19,2025-03-05,16.7,184.12,completed
48,62,36,2025-03-02,5.3,74.16,completed
49,77,9,2025-03-07,27.8,289.62,completed
50,54,33,2025-02-13,9.1,141.08,completed
51,93,38,2025-02-08,32.0,333.79,completed
52,20,23,2025-02-27,11.2,226.78,completed
53,49,13,2025-02-28,31.4,323.08,completed
54,50,27,2025-01-30,2.2,55.79,completed
55,91,43,2025-02-18,25.5,372.19,completed
56,20,9,2025-03-05,16.5,188.55,completed
57,13,,2025-02-26,,,cancelled
58,59,27,2025-01-02,28.0,305.4,completed
59,10,17,2025-03-02,11.4,185.47,completed
60,84,44,2025-01-11,27.6,289.8,completed
61,41,49,2025-03-22,16.0,182.82,completed
62,80,44,2025-01-09,29.5,320.2,completed
63,12,49,2025-02-25,20.6,233.15,completed
64,57,2,2025-01-22,2.2,56.82,completed
65,38,10,2025-02-15,8.4,139.96,completed
66,88,6,2025-01-24,19.8,215.75,completed
67,88,38,2025-01-31,5.3,79.57,completed
68,33,1,2025-02-28,28.8,302.91,completed
69,37,5,2025-03-28,14.6,165.61,completed
70,76,28,2025-02-08,22.3,410.47,completed
71,39,31,2025-01-26,4.1,82.16,completed
72,46,45,2025-03-15,10.0,134.56,completed
73,85,37,2025-02-20,27.8,405.31,completed
74,7,19,2025-03-19,25.0,262.1,completed
75,46,40,2025-01-29,8.6,116.81,completed
76,85,41,2025-03-29,3.8,68.65,completed
77,6,3,2025-02-09,18.9,214.2,completed
78,12,27,2025-02-07,6.3,82.49,completed
79,70,18,2025-02-16,26.7,278.79,completed
80,62,22,2025-02-07,25.9,275.42,completed
81,10,15,2025-01-19,27.6,401.56,completed
82,51,26,2025-03-13,1.2,42.13,completed
83,59,44,2025-02-17,9.0,113.12,completed
84,82,,2025-02-17,,,cancelled
85,30,,2025-03-02,,,cancelled
86,72,15,2025-02-11,21.0,312.01,completed
87,60,27,2025-03-31,4.4,62.71,completed
88,5,8,2025-02-08,3.8,73.85,completed
89,18,43,2025-02-19,30.4,438.25,completed
90,70,47,2025-02-23,5.6,124.06,completed
91,13,18,2025-03-04,1.8,44.51,completed
92,57,24,2025-02-26,3.9,85.58,completed
93,70,26,2025-03-24,9.4,128.66,completed
94,59,42,2025-01-12,20.8,316.06,completed
95,7,9,2025-02-12,25.4,265.4,completed
96,71,15,2025-01-27,11.1,170.58,completed
97,77,10,2025-01-01,31.6,451.08,completed
98,23,2,2025-01-15,4.9,73.71,completed
99,31,12,2025-03-17,9.1,143.57,completed
100,54,,2025-03-09,,,cancelled
101,9,24,2025-03-02,16.8,245.62,completed
102,65,3,2025-01-29,23.5,261.43,completed
103,85,42,2025-03-08,30.9,432.19,completed
104,62,7,2025-02-21,16.1,252.32,completed
105,10,10,2025-01-11,2.8,62.74,completed
106,82,21,2025-03-16,12.7,200.86,completed
107,38,28,2025-02-28,3.9,100.73,completed
108,84,36,2025-03-25,23.3,245.65,completed
109,58,30,2025-01-30,13.2,159.99,completed
110,41,17,2025-02-24,12.5,189.3,completed
111,61,,2025-01-09,,,cancelled
112,11,48,2025-01-12,23.9,263.29,completed
113,72,36,2025-01-08,18.3,207.25,completed
114,53,49,2025-02-15,14.0,171.32,completed
115,7,23,2025-02-06,4.0,98.55,completed
116,20,7,2025-03-26,11.7,186.74,completed
117,15,28,2025-02-05,27.2,504.61,completed
118,80,36,2025-03-20,1.6,53.78,completed
119,89,,2025-02-04,,,cancelled
120,35,22,2025-03-31,11.8,135.73,completed
121,19,5,2025-03-14,5.2,82.06,completed
122,4,14,2025-01-12,12.5,242.82,completed
123,21,21,2025-02-17,25.0,363.85,completed
124,11,49,2025-01-07,20.1,224.43,completed
125,35,32,2025-02-26,19.7,290.29,completed
126,28,,2025-03-07,,,cancelled
127,56,44,2025-01-15,19.3,213.89,completed
128,40,39,2025-01-06,2.5,47.84,completed
129,28,19,2025-01-18,11.0,124.65,completed
130,56,35,2025-01-23,22.8,246.61,completed
131,86,,2025-02-15,,,cancelled
132,95,30,2025-01-06,29.5,317.49,completed
133,74,46,2025-02-24,20.8,223.39,completed
134,52,11,2025-01-03,25.8,375.5,completed
135,89,,2025-02-16,,,cancelled
136,14,26,2025-02-01,17.1,190.37,completed
137,40,50,2025-02-13,6.0,110.01,completed
138,15,50,2025-03-09,11.7,190.16,completed
139,83,10,2025-01-19,8.8,140.51,completed
140,20,,2025-03-25,,,cancelled
141,81,37,2025-03-05,24.5,354.83,completed
142,73,40,2025-03-24,10.9,142.97,completed
143,41,31,2025-01-20,14.6,220.24,completed
144,36,,2025-03-17,,,cancelled
145,65,29,2025-01-10,2.0,61.57,completed
146,37,6,2025-01-10,20.0,220.14,completed
147,60,48,2025-03-16,28.8,302.59,completed
148,74,39,2025-03-25,15.6,171.22,completed
149,8,,2025-02-27,,,cancelled
150,44,12,2025-01-11,2.0,60.75,completed
151,57,11,2025-03-09,12.2,200.62,completed
152,50,44,2025-02-22,19.5,221.03,completed
153,83,,2025-02-12,,,cancelled
154,13,19,2025-03-13,8.7,119.68,completed
155,78,38,2025-01-20,21.5,242.58,completed
156,40,26,2025-03-25,4.8,79.78,completed
157,11,42,2025-02-09,25.5,375.41,completed
158,86,48,2025-03-31,31.9,341.3,completed
159,12,33,2025-03-24,12.1,188.18,completed
160,24,50,2025-01-28,16.0,237.33,completed
161,18,,2025-01-20,,,cancelled
162,13,48,2025-03-06,28.4,290.55,completed
163,44,25,2025-03-21,5.6,76.82,completed
164,89,11,2025-03-21,23.3,330.76,completed
165,47,29,2025-03-28,19.9,375.34,completed
166,58,20,2025-01-30,30.9,329.24,completed
167,25,37,2025-02-17,31.5,448.18,completed
168,37,27,2025-02-18,30.9,329.89,completed
169,78,4,2025-01-18,20.8,235.08,completed
170,71,34,2025-01-14,27.4,390.12,completed
171,21,33,2025-02-04,5.4,100.57,completed
172,29,2,2025-02-27,13.7,158.08,completed
173,48,6,2025-01-31,12.5,139.31,completed
174,13,10,2025-03-25,5.1,93.57,completed
175,61,49,2025-03-31,22.8,245.57,completed
176,1,,2025-01-11,,,cancelled
177,28,47,2025-01-20,19.8,367.05,completed
178,37,4,2025-01-31,8.2,110.68,completed
179,80,,2025-02-28,,,cancelled
180,64,41,2025-03-18,16.9,185.39,completed
181,19,40,2025-02-07,11.8,143.51,completed
182,24,34,2025-03-27,31.2,436.31,completed
183,68,33,2025-03-11,18.1,268.54,completed
184,61,24,2025-01-06,8.7,136.03,completed
185,9,43,2025-02-14,20.4,306.75,completed
186,95,23,2025-02-12,17.8,340.65,completed
187,23,45,2025-03-29,15.7,172.8,completed
188,18,30,2025-01-09,2.0,43.03,completed
189,26,20,2025-01-06,16.9,200.33,completed
190,70,49,2025-03-02,21.0,225.22,completed
191,7,8,2025-03-25,25.7,272.89,completed
192,52,25,2025-02-26,11.4,132.04,completed
193,89,34,2025-03-05,9.1,142.68,completed
194,55,12,2025-01-11,17.8,263.16,completed
195,11,20,2025-02-11,14.7,174.0,completed
196,22,29,2025-03-30,2.1,73.31,completed
197,46,18,2025-03-20,20.8,233.43,completed
198,8,26,2025-01-10,12.1,150.97,completed
199,87,10,2025-01-21,27.3,396.65,completed
200,57,16,2025-01-05,25.1,265.78,completed
201,50,,2025-03-14,,,cancelled
202,20,24,2025-03-28,12.4,200.18,completed
203,74,26,2025-01-18,10.6,126.27,completed
204,15,32,2025-01-04,17.0,264.37,completed
205,16,46,2025-02-03,14.7,179.58,completed
206,37,32,2025-03-30,7.0,115.81,completed
207,10,46,2025-02-27,14.7,161.41,completed
208,88,46,2025-02-10,2.8,57.44,completed
209,39,45,2025-01-21,20.7,232.52,completed
210,66,13,2025-01-29,25.5,266.98,completed
211,64,37,2025-01-04,12.3,199.66,completed
212,71,6,2025-01-17,2.9,55.51,completed
213,92,50,2025-03-03,13.6,212.38,completed
214,17,29,2025-02-10,15.3,291.98,completed
215,17,12,2025-03-12,24.8,352.42,completed
216,65,34,2025-01-08,5.6,97.77,completed
217,42,34,2025-01-29,28.7,418.63,completed
218,33,36,2025-01-26,9.4,121.8,completed
219,79,,2025-03-10,,,cancelled
220,83,38,2025-01-22,5.6,86.37,completed
221,93,37,2025-03-19,2.1,65.21,completed
222,11,50,2025-01-06,18.8,283.06,completed
223,74,2,2025-02-23,16.3,187.39,completed
224,38,31,2025-03-24,8.4,147.87,completed
225,52,45,2025-02-08,2.7,54.44,completed
226,62,39,2025-03-01,5.3,87.58,completed
227,41,9,2025-02-14,24.5,263.05,completed
228,14,8,2025-02-10,9.1,111.41,completed
229,13,25,2025-01-07,27.8,292.46,completed
230,21,47,2025-02-11,10.6,216.52,completed
231,64,20,2025-03-07,16.3,176.65,completed
232,51,16,2025-03-06,7.5,98.31,completed
233,7,42,2025-02-06,21.8,315.65,completed
234,2,17,2025-01-14,23.5,347.83,completed
235,47,37,2025-01-06,18.3,270.64,completed
236,37,29,2025-01-10,24.6,446.25,completed
237,80,9,2025-03-29,31.2,324.28,completed
238,44,49,2025-03-13,5.3,82.4,completed
239,52,,2025-03-06,,,cancelled
240,5,31,2025-01-18,17.0,249.08,completed
241,66,40,2025-01-18,10.7,129.51,completed
242,79,33,2025-02-08,26.6,384.43,completed
243,91,2,2025-03-14,12.3,150.33,completed
244,54,47,2025-03-16,28.0,511.39,completed
245,77,42,2025-03-02,25.2,370.68,completed
246,74,38,2025-01-30,15.8,180.58,completed
247,93,25,2025-03-21,5.4,84.91,completed
248,5,8,2025-03-15,6.8,93.42,completed
249,54,14,2025-01-20,13.6,268.06,completed
250,61,34,2025-01-08,7.3,123.59,completed
251,85,21,2025-03-03,30.6,436.17,completed
252,69,44,2025-02-13,24.9,270.97,completed
253,83,31,2025-03-30,6.8,115.37,completed
254,72,20,2025-02-08,24.9,270.65,completed
255,89,23,2025-03-04,18.3,351.62,completed
256,93,37,2025-02-05,21.9,318.86,completed
257,51,10,2025-02-14,9.9,157.42,completed
258,92,29,2025-01-11,21.3,399.18,completed
259,28,18,2025-01-26,29.9,317.97,completed
260,18,38,2025-01-14,8.3,99.87,completed
261,68,4,2025-01-29,3.9,63.66,completed
262,61,9,2025-01-13,1.0,40.51,completed
263,21,31,2025-02-22,15.7,232.8,completed
264,37,4,2025-02-11,29.1,298.24,completed
265,74,47,2025-01-30,27.3,487.58,completed
266,23,12,2025-02-23,29.9,418.4,completed
267,51,48,2025-03-05,30.8,331.12,completed
268,5,39,2025-01-02,4.1,78.61,completed
269,37,35,2025-02-28,17.2,201.19,completed
270,18,13,2025-03-06,26.0,273.61,completed
271,94,46,2025-02-28,6.6,97.43,completed
272,38,13,2025-03-14,6.3,96.97,completed
273,52,6,2025-02-24,13.3,148.26,completed
274,18,16,2025-03-03,1.0,37.17,completed
275,58,20,2025-02-04,19.0,211.96,completed
276,34,16,2025-03-25,2.7,48.01,completed
277,40,33,2025-01-21,29.6,431.44,completed
278,40,,2025-03-30,,,cancelled
279,38,15,2025-02-17,30.7,437.87,completed
280,59,45,2025-03-19,17.9,199.47,completed
281,69,49,2025-03-27,8.5,115.84,completed
282,11,46,2025-03-09,12.1,153.29,completed
283,15,33,2025-01-08,7.1,125.16,completed
284,22,29,2025-02-11,4.4,99.35,completed
285,75,,2025-03-04,,,cancelled
286,66,30,2025-02-27,4.9,74.86,completed
287,73,44,2025-01-08,26.0,281.47,completed
288,51,48,2025-02-02,7.6,93.66,completed
289,55,35,2025-02-14,31.8,340.79,completed
290,9,,2025-03-02,,,cancelled
291,53,50,2025-01-24,20.8,311.23,completed
292,54,25,2025-02-17,14.8,178.94,completed
293,49,,2025-02-18,,,cancelled
294,85,23,2025-03-11,4.5,116.81,completed
295,51,15,2025-03-09,26.8,391.56,completed
296,39,35,2025-03-01,14.0,160.59,completed
297,30,10,2025-02-01,9.4,163.77,completed
298,93,,2025-01-15,,,cancelled
299,85,2,2025-02-23,8.3,100.2,completed
300,77,44,2025-01-05,22.7,236.62,completed
301,95,15,2025-01-06,17.6,269.17,completed
302,8,19,2025-01-18,8.1,115.28,completed
303,74,50,2025-02-10,21.8,316.35,completed
304,39,34,2025-01-19,7.7,128.42,completed
305,8,48,2025-03-13,29.2,309.92,completed
306,55,23,2025-03-13,30.2,549.85,completed
307,68,27,2025-02-10,5.5,79.78,completed
308,69,15,2025-03-02,10.2,169.81,completed
309,60,27,2025-01-08,18.2,195.58,completed
310,32,42,2025-02-02,3.3,72.89,completed
311,48,13,2025-01-12,2.4,50.34,completed
312,78,,2025-03-19,,,cancelled
313,10,38,2025-01-25,23.4,253.48,completed
314,62,22,2025-01-27,10.3,136.03,completed
315,28,8,2025-01-25,24.1,264.04,completed
316,32,14,2025-03-31,13.2,250.51,completed
317,42,35,2025-02-06,21.0,225.67,completed
318,47,30,2025-03-07,3.9,76.68,completed
319,61,24,2025-02-10,10.6,161.89,completed
320,29,,2025-01-19,,,cancelled
321,71,27,2025-03-16,10.0,118.92,completed
322,30,16,2025-02-18,16.4,188.89,completed
323,88,32,2025-02-13,31.0,445.13,completed
324,63,23,2025-02-28,6.1,138.72,completed
325,63,35,2025-01-24,31.7,340.29,completed
326,68,5,2025-01-05,30.3,321.21,completed
327,1,41,2025-02-22,8.0,110.14,completed
328,2,24,2025-01-28,2.7,68.66,completed
329,79,2,2025-03-03,1.0,40.53,completed
330,2,18,2025-01-03,17.5,191.98,completed
331,65,12,2025-03-31,4.1,76.46,completed
332,20,34,2025-01-31,8.7,142.8,completed
333,51,26,2025-01-11,15.1,168.31,completed
334,90,6,2025-01-29,21.2,238.56,completed
335,5,25,2025-01-12,18.0,192.12,completed
336,2,32,2025-03-31,27.2,394.66,completed
337,43,7,2025-03-14,28.7,420.09,completed
338,30,45,2025-01-28,28.5,300.26,completed
339,6,18,2025-01-10,28.9,305.82,completed
340,5,21,2025-01-23,1.3,41.43,completed
341,19,20,2025-02-20,5.9,80.86,completed
342,50,22,2025-03-28,12.8,156.39,completed
343,89,23,2025-01-11,2.5,71.49,completed
344,10,40,2025-02-13,30.6,318.63,completed
345,42,29,2025-01-04,16.1,302.43,completed
346,49,38,2025-02-25,21.4,225.01,completed
347,80,46,2025-02-07,3.1,54.81,completed
348,49,25,2025-03-23,10.7,123.78,completed
349,1,49,2025-02-09,9.2,110.05,completed
350,24,36,2025-02-25,16.8,181.67,completed
351,12,39,2025-02-15,19.5,211.74,completed
352,50,25,2025-01-02,25.1,272.95,completed
353,72,11,2025-02-01,22.2,318.65,completed
354,35,10,2025-02-08,2.8,65.93,completed
355,54,5,2025-02-08,12.1,153.83,completed
356,93,40,2025-03-22,6.9,87.69,completed
357,39,22,2025-01-01,27.1,285.05,completed
358,43,42,2025-02-26,31.2,437.68,completed
359,42,13,2025-03-19,15.7,172.7,completed
360,51,45,2025-02-10,20.5,234.11,completed
361,32,26,2025-02-11,12.2,154.54,completed
362,26,12,2025-03-17,22.1,324.93,completed
363,94,14,2025-03-01,14.5,273.78,completed
364,89,27,2025-01-09,21.8,229.88,completed
365,39,10,2025-01-31,23.1,343.01,completed
366,10,31,2025-02-27,19.0,283.39,completed
367,89,24,2025-02-23,22.7,338.16,completed
368,77,7,2025-03-23,24.8,362.99,completed
369,46,3,2025-01-22,18.4,207.7,completed
370,83,22,2025-02-21,30.9,322.16,completed
371,2,33,2025-01-13,24.1,351.69,completed
372,89,24,2025-03-15,13.0,208.35,completed
373,76,23,2025-03-30,31.9,575.15,completed
374,38,6,2025-02-23,4.4,80.61,completed
375,19,30,2025-02-14,25.3,270.77,completed
376,45,,2025-03-02,,,cancelled
377,93,5,2025-03-31,10.2,133.1,completed
378,15,42,2025-01-03,4.2,91.86,completed
379,95,36,2025-02-01,5.8,86.3,completed
380,60,41,2025-01-30,6.6,95.51,completed
381,56,,2025-02-20,,,cancelled
382,79,28,2025-01-26,12.9,254.68,completed
383,27,5,2025-02-05,18.8,214.59,completed
384,69,13,2025-01-24,15.1,168.7,completed
385,63,21,2025-03-09,19.4,290.25,completed
386,76,30,2025-01-15,20.1,227.22,completed
387,91,38,2025-02-08,3.4,54.98,completed
388,16,12,2025-01-31,12.4,187.75,completed
389,50,37,2025-02-23,12.8,193.96,completed
390,82,42,2025-03-10,29.8,419.8,completed
391,22,12,2025-03-04,10.6,170.0,completed
392,7,32,2025-02-15,5.1,104.13,completed
393,72,27,2025-03-06,22.2,239.21,completed
394,57,37,2025-03-04,1.8,59.16,completed
395,38,35,2025-01-05,9.8,128.71,completed
396,73,8,2025-03-05,18.7,203.01,completed
397,70,49,2025-02-16,2.1,54.33,completed
398,70,7,2025-01-28,23.8,349.61,completed
399,32,3,2025-02-08,14.8,167.57,completed
400,12,8,2025-02-26,25.0,262.24,completed
401,95,46,2025-03-17,19.8,216.66,completed
402,79,14,2025-01-18,25.9,474.29,completed
403,69,11,2025-02-05,10.9,179.05,completed
404,38,33,2025-03-15,31.5,452.54,completed
405,13,27,2025-01-18,29.5,320.1,completed
406,84,9,2025-01-17,8.6,115.93,completed
407,32,10,2025-03-28,18.8,275.41,completed
408,54,41,2025-02-18,25.6,278.58,completed
409,52,45,2025-03-07,30.0,312.38,completed
410,63,50,2025-02-11,27.2,383.62,completed
411,59,23,2025-03-23,27.3,502.74,completed
412,51,14,2025-01-28,16.2,303.48,completed
413,37,9,2025-02-13,18.5,205.46,completed
414,44,3,2025-03-29,3.9,72.73,completed
415,59,11,2025-01-03,14.6,214.19,completed
416,55,9,2025-01-26,28.3,294.89,completed
417,36,17,2025-01-12,3.4,78.51,completed
418,84,,2025-01-22,,,cancelled
419,81,49,2025-02-09,8.1,110.06,completed
420,91,,2025-01-13,,,cancelled
421,62,15,2025-01-10,17.0,255.0,completed
422,2,8,2025-03-31,31.6,328.65,completed
423,17,,2025-03-03,,,cancelled
424,50,7,2025-01-12,4.0,80.55,completed
425,39,49,2025-01-18,28.1,299.78,completed
426,87,,2025-01-19,,,cancelled
427,73,11,2025-01-02,14.5,227.3,completed
428,81,40,2025-01-20,22.2,248.1,completed
429,12,8,2025-01-13,19.2,210.08,completed
430,55,16,2025-02-10,9.4,110.98,completed
431,71,39,2025-03-18,9.7,130.98,completed
432,4,14,2025-03-26,17.0,320.89,completed
433,51,16,2025-02-07,16.2,176.15,completed
434,64,34,2025-03-23,28.5,399.29,completed
435,47,37,2025-02-10,13.9,215.8,completed
436,23,50,2025-03-02,3.1,72.98,completed
437,2,4,2025-02-03,30.4,316.76,completed
438,37,50,2025-03-22,13.8,217.58,completed
439,11,40,2025-03-23,5.6,74.87,completed
440,11,10,2025-03-07,17.5,260.56,completed
441,82,5,2025-03-25,10.5,128.5,completed
442,31,28,2025-01-08,4.4,107.49,completed
443,8,43,2025-02-09,23.9,340.26,completed
444,91,11,2025-01-18,16.3,243.72,completed
445,67,9,2025-02-03,24.2,267.37,completed
446,94,2,2025-01-16,11.3,135.94,completed
447,68,37,2025-01-09,20.4,301.24,completed
448,66,,2025-02-16,,,cancelled
449,73,17,2025-01-22,24.9,369.06,completed
450,87,33,2025-01-15,0.9,49.14,completed
451,2,,2025-02-01,,,cancelled
452,47,12,2025-02-19,29.9,434.82,completed
453,71,21,2025-03-25,8.5,151.37,completed
454,41,37,2025-02-04,12.4,194.96,completed
455,7,34,2025-01-23,31.4,456.7,completed
456,9,50,2025-03-01,27.2,388.31,completed
457,71,,2025-02-28,,,cancelled
458,26,20,2025-02-07,23.9,251.9,completed
459,48,50,2025-03-17,25.0,367.15,completed
460,70,27,2025-02-01,1.5,45.08,completed
461,82,22,2025-03-30,0.8,40.75,completed
462,95,,2025-02-09,,,cancelled
463,68,4,2025-01-31,31.1,318.3,completed
464,36,,2025-01-12,,,cancelled
465,30,24,2025-03-08,15.1,235.79,completed
466,75,41,2025-01-13,26.4,272.3,completed
467,73,9,2025-01-08,8.2,103.12,completed
468,41,48,2025-02-20,11.0,133.56,completed
469,30,9,2025-01-10,25.1,270.14,completed
470,20,30,2025-01-14,10.6,123.11,completed
471,46,30,2025-01-27,9.1,108.85,completed
472,21,46,2025-03-29,22.5,234.56,completed
473,42,,2025-01-19,,,cancelled
474,32,4,2025-02-15,21.9,233.25,completed
475,23,29,2025-01-04,18.1,340.51,completed
476,13,,2025-03-01,,,cancelled
477,18,,2025-01-16,,,cancelled
478,29,26,2025-01-17,12.4,150.41,completed
479,83,17,2025-01-11,29.4,412.52,completed
480,9,29,2025-01-26,26.1,468.15,completed
481,43,,2025-01-16,,,cancelled
482,60,37,2025-01-07,14.3,224.68,completed
483,64,28,2025-01-04,6.2,130.31,completed
484,24,10,2025-02-05,1.9,57.65,completed
485,32,27,2025-03-24,28.3,298.43,completed
486,12,27,2025-02-05,7.0,104.19,completed
487,68,35,2025-02-01,25.6,282.99,completed
488,92,32,2025-02-15,11.5,184.26,completed
489,42,2,2025-02-19,10.7,126.03,completed
490,36,31,2025-01-08,17.3,265.43,completed
491,30,,2025-01-21,,,cancelled
492,85,48,2025-01-31,2.5,63.68,completed
493,29,25,2025-03-15,11.9,149.83,completed
494,23,21,2025-01-23,26.0,379.75,completed
495,76,23,2025-01-04,30.4,551.11,completed
496,73,32,2025-01-25,17.7,258.92,completed
497,5,,2025-01-12,,,cancelled
498,78,,2025-01-29,,,cancelled
499,62,40,2025-01-01,7.1,90.06,completed
500,92,21,2025-01-23,2.7,58.86,completed
501,91,34,2025-01-19,27.7,407.62,completed
502,48,7,2025-03-26,11.3,176.74,completed
503,21,32,2025-02-25,21.1,304.11,completed
504,72,40,2025-03-30,25.4,265.76,completed
505,76,47,2025-01-23,22.3,403.88,completed
506,94,37,2025-01-01,13.0,212.79,completed
507,73,21,2025-01-05,29.5,431.7,completed
508,29,32,2025-03-23,5.2,104.07,completed
509,31,11,2025-02-14,20.6,313.24,completed
510,91,22,2025-03-27,14.7,164.95,completed
511,32,,2025-03-30,,,cancelled
512,33,4,2025-01-14,12.8,156.25,completed
513,22,25,2025-02-22,11.8,139.61,completed
514,62,44,2025-03-15,7.8,103.13,completed
515,5,,2025-02-07,,,cancelled
516,34,,2025-01-14,,,cancelled
517,22,5,2025-02-18,17.9,208.01,completed
518,12,40,2025-02-13,28.7,306.74,completed
519,56,28,2025-03-25,5.7,119.5,completed
520,27,36,2025-01-25,23.3,255.95,completed
521,34,16,2025-03-26,3.8,63.96,completed
522,71,24,2025-03-04,0.9,33.72,completed
523,85,13,2025-03-22,3.8,60.24,completed
524,82,31,2025-02-07,27.1,386.6,completed
525,51,43,2025-03-02,9.1,153.87,completed
526,50,25,2025-01-24,12.3,145.77,completed
527,34,15,2025-02-26,26.9,389.05,completed
528,20,6,2025-03-31,21.6,241.36,completed
529,53,4,2025-03-17,27.0,292.87,completed
530,54,31,2025-03-10,18.7,273.42,completed
531,39,46,2025-01-11,1.9,49.47,completed
532,67,40,2025-03-15,5.4,90.29,completed
533,58,11,2025-01-23,31.1,449.8,completed
534,17,44,2025-01-06,14.4,176.75,completed
535,81,17,2025-01-19,10.8,178.18,completed
536,9,26,2025-01-12,18.0,208.13,completed
537,67,1,2025-02-28,25.3,272.81,completed
538,67,,2025-02-23,,,cancelled
539,20,38,2025-01-19,24.5,271.54,completed
540,14,19,2025-03-14,27.9,302.65,completed
541,53,32,2025-02-03,18.6,276.84,completed
542,23,40,2025-02-05,19.8,221.97,completed
543,5,22,2025-02-20,22.3,232.84,completed
544,61,2,2025-02-04,11.3,143.22,completed
545,40,45,2025-02-05,22.2,250.35,completed
546,30,48,2025-01-18,14.6,175.22,completed
547,35,6,2025-02-23,6.7,87.88,completed
548,53,24,2025-03-04,26.4,381.43,completed
549,21,33,2025-01-09,13.4,213.83,completed
550,68,,2025-03-14,,,cancelled
551,25,16,2025-01-26,1.8,38.11,completed
552,47,30,2025-01-26,16.6,190.41,completed
553,16,,2025-03-29,,,cancelled
554,48,12,2025-03-04,30.8,439.13,completed
555,71,17,2025-02-14,24.2,355.64,completed
556,37,11,2025-01-04,27.4,400.02,completed
557,28,44,2025-01-29,7.3,102.38,completed
558,66,50,2025-01-03,22.1,323.41,completed
559,17,1,2025-03-24,7.8,106.27,completed
560,40,25,2025-03-24,27.4,289.48,completed
561,28,34,2025-03-01,26.5,380.39,completed
562,14,43,2025-01-01,31.0,449.09,completed
563,72,19,2025-03-24,10.1,118.11,completed
564,9,41,2025-02-13,10.9,129.09,completed
565,84,10,2025-03-25,16.9,249.58,completed
566,8,21,2025-03-18,22.0,327.03,completed
567,84,17,2025-03-05,29.1,415.12,completed
568,95,37,2025-01-05,26.3,376.65,completed
569,92,41,2025-01-29,25.3,278.48,completed
570,86,11,2025-02-15,27.0,396.63,completed
571,24,,2025-02-07,,,cancelled
572,17,36,2025-02-03,24.6,257.36,completed
573,88,15,2025-02-12,11.9,193.15,completed
574,40,22,2025-02-23,12.4,149.51,completed
575,60,41,2025-01-16,19.0,219.39,completed
576,10,33,2025-03-02,4.5,93.46,completed
577,68,10,2025-02-08,5.1,91.84,completed
578,53,30,2025-03-14,5.3,87.6,completed
579,24,41,2025-01-11,31.6,326.47,completed
580,8,14,2025-01-01,24.5,442.32,completed
581,21,50,2025-03-04,3.5,78.84,completed
582,82,31,2025-02-24,12.8,190.99,completed
583,26,21,2025-02-17,24.4,355.14,completed
584,3,,2025-03-28,,,cancelled
585,94,23,2025-02-01,10.5,201.6,completed
586,65,5,2025-03-17,26.5,277.71,completed
587,38,39,2025-02-28,17.2,192.07,completed
588,88,32,2025-01-18,12.0,183.37,completed
589,52,47,2025-01-03,31.5,562.87,completed
590,3,8,2025-03-17,12.2,148.91,completed
591,5,17,2025-02-18,24.9,363.63,completed
592,77,42,2025-01-07,26.9,378.73,completed
593,15,8,2025-02-23,17.9,199.54,completed
594,20,41,2025-01-27,1.1,38.87,completed
595,13,40,2025-03-26,19.7,209.89,completed
596,14,8,2025-03-07,9.6,126.9,completed
597,64,50,2025-01-26,9.0,150.16,completed
598,26,19,2025-02-15,5.8,86.06,completed
599,27,22,2025-03-30,8.1,97.2,completed
600,12,43,2025-01-15,16.2,254.45,completed
601,66,7,2025-01-10,29.0,418.59,completed
602,59,4,2025-02-07,3.9,60.54,completed
603,6,44,2025-02-07,10.6,135.47,completed
604,13,,2025-01-06,,,cancelled
605,18,22,2025-03-26,12.0,142.75,completed
606,80,6,2025-02-04,12.4,144.65,completed
607,15,30,2025-02-21,9.3,116.06,completed
608,62,11,2025-02-23,4.3,91.11,completed
609,8,,2025-01-21,,,cancelled
610,76,44,2025-03-03,14.5,169.98,completed
611,46,,2025-03-20,,,cancelled
612,88,32,2025-01-17,4.3,85.42,completed
613,6,21,2025-01-09,1.2,53.33,completed
614,68,15,2025-03-15,31.3,449.69,completed
615,44,45,2025-03-08,20.1,219.61,completed
616,94,43,2025-02-01,21.9,318.97,completed
617,72,,2025-03-20,,,cancelled
618,83,31,2025-01-21,27.4,401.81,completed
619,10,22,2025-03-04,31.1,316.46,completed
620,29,26,2025-03-12,26.3,271.43,completed
621,57,32,2025-03-15,14.7,217.88,completed
622,64,,2025-03-25,,,cancelled
623,52,,2025-02-22,,,cancelled
624,71,39,2025-01-01,30.9,326.3,completed
625,66,43,2025-03-13,15.0,226.32,completed
626,7,22,2025-01-29,18.3,206.25,completed
627,61,29,2025-03-26,4.4,110.43,completed
628,29,41,2025-01-01,30.9,319.39,completed
629,67,3,2025-02-17,28.8,303.45,completed
630,92,,2025-02-22,,,cancelled
631,79,26,2025-01-26,7.5,107.74,completed
632,25,,2025-02-13,,,cancelled
633,54,44,2025-01-06,19.2,217.84,completed
634,58,33,2025-02-28,5.0,96.48,completed
635,68,28,2025-01-07,27.0,491.36,completed
636,66,12,2025-01-23,23.6,336.45,completed
637,50,21,2025-03-26,16.5,247.14,completed
638,78,18,2025-03-30,13.2,152.26,completed
639,38,9,2025-02-27,13.7,164.15,completed
640,66,36,2025-02-08,27.7,297.39,completed
641,71,14,2025-03-22,20.3,372.94,completed
642,45,46,2025-03-28,21.1,239.62,completed
643,65,21,2025-03-11,23.0,341.12,completed
644,72,43,2025-03-03,23.0,339.38,completed
645,69,28,2025-02-06,26.0,475.05,completed
646,4,43,2025-02-18,2.6,59.92,completed
647,21,10,2025-02-06,27.0,392.91,completed
648,38,3,2025-01-27,12.0,143.05,completed
649,79,15,2025-03-28,24.0,350.43,completed
650,31,45,2025-03-07,9.8,126.39,completed
651,49,44,2025-02-19,10.6,131.74,completed
652,2,50,2025-02-02,27.6,395.94,completed
653,29,42,2025-03-23,12.3,195.36,completed
654,95,47,2025-03-19,30.9,554.27,completed
655,23,,2025-03-29,,,cancelled
656,23,,2025-03-07,,,cancelled
657,6,17,2025-02-24,4.9,96.85,completed
658,33,46,2025-01-01,30.0,305.8,completed
659,42,,2025-03-18,,,cancelled
660,81,20,2025-03-20,16.1,184.4,completed
661,46,21,2025-01-10,17.2,267.9,completed
662,67,11,2025-01-09,13.8,214.28,completed
663,12,14,2025-02-14,21.5,394.27,completed
664,38,40,2025-01-28,17.4,205.23,completed
665,84,,2025-01-02,,,cancelled
666,45,42,2025-02-27,19.9,297.09,completed
667,6,25,2025-03-29,29.4,318.2,completed
668,50,19,2025-02-02,1.6,45.54,completed
669,48,29,2025-03-07,16.0,299.53,completed
670,84,6,2025-01-25,30.4,312.15,completed
671,69,,2025-03-10,,,cancelled
672,9,50,2025-01-27,7.5,133.46,completed
673,14,45,2025-01-27,28.2,302.73,completed
674,56,5,2025-03-24,24.1,252.03,completed
675,59,,2025-02-12,,,cancelled
676,10,17,2025-01-07,18.2,273.56,completed
677,30,29,2025-02-03,20.5,379.21,completed
678,3,35,2025-02-19,1.0,43.91,completed
679,9,,2025-03-16,,,cancelled
680,10,7,2025-02-15,9.8,164.06,completed
681,78,29,2025-01-12,12.7,253.61,completed
682,4,15,2025-03-02,5.1,95.65,completed
683,70,10,2025-02-07,10.1,172.07,completed
684,94,1,2025-03-24,18.1,203.05,completed
685,16,,2025-01-06,,,cancelled
686,77,6,2025-02-20,10.3,132.82,completed
687,93,42,2025-02-14,27.4,387.27,completed
688,24,17,2025-01-29,6.9,115.4,completed
689,73,36,2025-01-07,15.2,175.39,completed
690,38,,2025-03-27,,,cancelled
691,13,32,2025-01-26,30.5,432.79,completed
692,86,19,2025-03-25,20.1,228.95,completed
693,41,40,2025-03-04,21.4,237.17,completed
694,20,21,2025-03-14,30.7,431.68,completed
695,41,46,2025-02-01,23.9,255.77,completed
696,47,22,2025-01-18,28.2,297.16,completed
697,46,7,2025-02-09,6.3,115.92,completed
698,36,13,2025-01-18,9.0,123.23,completed
699,10,33,2025-01-10,20.5,308.9,completed
700,75,14,2025-02-21,29.1,528.64,completed
701,70,50,2025-03-11,5.4,99.67,completed
702,76,33,2025-02-07,16.7,250.05,completed
703,65,40,2025-01-02,22.1,245.09,completed
704,18,37,2025-02-27,30.4,437.51,completed
705,19,3,2025-03-03,7.6,101.95,completed
706,9,3,2025-02-03,21.7,236.51,completed
707,47,30,2025-02-19,28.3,289.65,completed
708,84,,2025-02-11,,,cancelled
709,67,48,2025-03-23,9.0,116.39,completed
710,23,24,2025-02-18,19.1,291.99,completed
711,10,15,2025-03-08,16.9,251.83,completed
712,45,39,2025-03-04,1.0,47.14,completed
713,57,33,2025-01-22,20.9,302.2,completed
714,24,46,2025-01-21,26.3,283.07,completed
715,54,31,2025-02-12,21.9,320.85,completed
716,76,27,2025-01-21,1.5,35.11,completed
717,74,41,2025-03-17,16.8,197.42,completed
718,19,12,2025-01-08,16.9,252.88,completed
719,73,,2025-03-23,,,cancelled
720,93,6,2025-03-26,7.6,104.33,completed
721,61,27,2025-03-03,19.5,221.14,completed
722,24,17,2025-03-21,6.0,113.51,completed
723,59,15,2025-03-18,12.6,190.22,completed
724,3,33,2025-01-26,22.2,331.79,completed
725,78,40,2025-01-13,19.5,222.81,completed
726,69,6,2025-03-06,15.8,172.71,completed
727,78,50,2025-03-11,22.0,321.23,completed
728,54,45,2025-02-17,17.3,188.94,completed
729,62,48,2025-02-18,29.1,313.19,completed
730,74,17,2025-01-13,15.7,233.46,completed
731,11,35,2025-02-06,13.5,152.03,completed
732,91,8,2025-01-01,17.0,189.0,completed
733,27,27,2025-03-30,12.1,138.05,completed
734,84,35,2025-03-16,14.0,160.31,completed
735,36,14,2025-03-29,13.7,269.95,completed
736,62,36,2025-01-23,15.9,190.82,completed
737,74,26,2025-02-14,23.8,263.2,completed
738,85,29,2025-01-16,25.2,469.9,completed
739,13,22,2025-01-28,25.8,277.38,completed
740,88,41,2025-01-07,1.0,31.32,completed
741,19,28,2025-03-02,3.5,85.11,completed
742,48,47,2025-01-11,12.8,258.57,completed
743,79,46,2025-03-25,30.9,314.7,completed
744,23,1,2025-03-23,7.1,100.59,completed
745,67,39,2025-02-06,16.7,192.62,completed
746,79,24,2025-01-22,8.3,130.4,completed
747,21,50,2025-01-12,13.3,210.28,completed
748,52,1,2025-03-17,23.8,247.47,completed
749,12,36,2025-03-12,29.3,305.31,completed
750,36,13,2025-01-29,15.0,170.58,completed
751,1,33,2025-02-03,4.1,75.98,completed
752,38,33,2025-02-13,30.6,444.5,completed
753,74,25,2025-02-02,18.4,210.2,completed
754,44,38,2025-02-28,27.7,292.79,completed
755,34,15,2025-01-09,21.9,315.87,completed
756,41,34,2025-02-22,17.5,266.77,completed
757,34,26,2025-02-01,21.8,243.52,completed
758,10,31,2025-03-12,10.6,165.35,completed
759,74,48,2025-02-04,22.1,248.15,completed
760,64,16,2025-01-26,28.0,290.14,completed
761,26,23,2025-02-01,5.7,119.6,completed
762,11,32,2025-03-28,20.0,301.28,completed
763,70,24,2025-01-06,20.2,298.51,completed
764,74,49,2025-02-05,29.4,304.91,completed
765,29,34,2025-03-15,25.7,371.38,completed
766,70,26,2025-01-05,27.6,297.72,completed
767,59,30,2025-01-16,10.6,120.87,completed
768,87,7,2025-01-27,11.0,178.56,completed
769,34,16,2025-01-24,9.2,126.57,completed
770,44,28,2025-02-16,7.4,160.55,completed
771,48,18,2025-02-16,14.9,172.98,completed
772,74,7,2025-03-29,23.3,345.97,completed
773,72,13,2025-02-25,5.4,90.48,completed
774,20,12,2025-03-02,14.0,208.89,completed
775,81,21,2025-03-08,25.3,362.49,completed
776,72,,2025-03-14,,,cancelled
777,13,14,2025-03-30,26.2,477.55,completed
778,81,22,2025-01-13,8.9,111.76,completed
779,72,27,2025-02-02,4.6,81.05,completed
780,78,42,2025-01-26,21.1,304.12,completed
781,37,33,2025-02-15,16.0,247.53,completed
782,11,30,2025-02-18,20.5,217.65,completed
783,22,22,2025-03-23,14.0,165.25,completed
784,52,,2025-01-10,,,cancelled
785,44,42,2025-01-30,9.9,157.02,completed
786,83,29,2025-02-20,25.2,469.7,completed
787,76,27,2025-03-08,6.0,94.08,completed
788,17,48,2025-01-31,22.7,237.25,completed
789,22,,2025-02-20,,,cancelled
790,9,2,2025-03-02,24.9,267.03,completed
791,11,10,2025-01-14,3.4,83.85,completed
792,50,48,2025-02-09,9.7,124.68,completed
793,17,2,2025-03-09,1.9,45.19,completed
794,42,35,2025-03-02,30.0,315.97,completed
795,18,38,2025-03-31,19.4,216.92,completed
796,82,41,2025-03-14,20.8,223.79,completed
797,45,6,2025-03-03,14.6,166.02,completed
798,34,1,2025-01-20,17.1,197.62,completed
799,18,35,2025-02-14,1.1,48.89,completed
800,62,,2025-02-08,,,cancelled
801,56,1,2025-02-07,17.9,193.82,completed
802,72,11,2025-02-25,23.1,340.15,completed
803,49,28,2025-01-29,20.3,377.46,completed
804,79,19,2025-03-30,21.0,230.14,completed
805,35,5,2025-02-22,6.5,87.54,completed
806,82,18,2025-02-28,22.7,245.49,completed
807,42,35,2025-01-03,1.5,53.7,completed
808,37,29,2025-02-04,23.5,426.51,completed
809,20,22,2025-01-02,13.9,167.76,completed
810,64,3,2025-02-17,11.1,142.32,completed
811,19,26,2025-01-08,3.0,57.9,completed
812,25,1,2025-02-02,4.6,79.06,completed
813,32,29,2025-02-19,8.5,185.24,completed
814,26,7,2025-02-28,17.1,267.07,completed
815,61,20,2025-02-19,30.0,308.17,completed
816,94,36,2025-01-06,17.1,187.52,completed
817,82,4,2025-02-08,27.7,287.51,completed
818,15,21,2025-01-31,1.3,53.18,completed
819,75,16,2025-01-16,1.1,31.29,completed
820,89,10,2025-03-02,12.4,186.71,completed
821,21,,2025-03-05,,,cancelled
822,80,49,2025-02-13,20.3,214.05,completed
823,83,7,2025-01-20,4.7,87.16,completed
824,72,29,2025-03-24,23.7,425.7,completed
825,49,17,2025-02-15,28.8,412.75,completed
826,57,45,2025-03-13,16.1,184.28,completed
827,70,30,2025-02-14,9.4,125.93,completed
828,71,,2025-01-21,,,cancelled
829,20,17,2025-02-27,17.7,264.49,completed
830,82,12,2025-03-06,28.3,408.78,completed
831,47,47,2025-03-21,2.8,87.22,completed
832,50,32,2025-01-25,24.7,351.59,completed
833,37,21,2025-02-11,4.2,86.32,completed
834,9,9,2025-01-06,6.4,81.43,completed
835,14,3,2025-03-04,18.6,213.43,completed
836,85,45,2025-03-04,19.2,203.38,completed
837,29,1,2025-03-19,29.8,307.27,completed
838,63,41,2025-01-11,2.7,56.81,completed
839,54,4,2025-02-17,26.5,277.07,completed
840,6,5,2025-01-10,30.3,327.06,completed
841,13,35,2025-01-13,12.8,145.46,completed
842,85,12,2025-02-01,18.2,273.22,completed
843,14,44,2025-03-23,15.1,176.75,completed
844,14,36,2025-01-22,13.3,153.1,completed
845,21,29,2025-03-10,29.9,549.34,completed
846,71,27,2025-02-11,24.6,262.31,completed
847,93,37,2025-02-11,17.8,264.24,completed
848,71,29,2025-02-02,14.8,281.02,completed
849,93,39,2025-01-05,1.3,35.05,completed
850,39,15,2025-01-01,7.5,126.05,completed
851,89,33,2025-02-05,18.2,280.58,completed
852,20,,2025-01-13,,,cancelled
853,46,24,2025-01-20,28.6,405.38,completed
854,33,,2025-02-08,,,cancelled
855,52,47,2025-03-14,3.2,81.21,completed
856,62,45,2025-01-23,22.7,252.04,completed
857,13,3,2025-03-18,23.6,255.73,completed
858,11,22,2025-01-08,11.7,147.49,completed
859,54,15,2025-01-16,24.1,357.52,completed
860,2,25,2025-03-23,2.5,54.24,completed
861,41,21,2025-03-11,16.5,243.87,completed
862,7,26,2025-03-28,31.1,330.51,completed
863,74,,2025-03-06,,,cancelled
864,56,10,2025-02-07,4.9,86.82,completed
865,74,17,2025-01-07,3.5,76.59,completed
866,90,31,2025-01-17,18.3,273.15,completed
867,84,40,2025-03-15,31.9,333.53,completed
868,32,28,2025-01-10,10.9,224.87,completed
869,12,28,2025-01-15,12.2,232.43,completed
870,45,50,2025-03-18,10.3,176.74,completed
871,79,29,2025-02-26,2.2,73.98,completed
872,26,49,2025-03-29,23.5,244.97,completed
873,95,40,2025-01-07,29.7,319.53,completed
874,37,8,2025-01-02,10.3,127.27,completed
875,43,14,2025-01-27,7.2,153.59,completed
876,34,47,2025-03-12,31.8,577.68,completed
877,86,43,2025-01-03,17.2,253.87,completed
878,8,45,2025-02-06,20.1,212.01,completed
879,84,,2025-01-02,,,cancelled
880,85,43,2025-02-04,12.0,181.76,completed
881,38,25,2025-03-25,16.7,192.84,completed
882,41,35,2025-03-04,3.5,57.23,completed
883,59,2,2025-03-13,2.0,57.45,completed
884,40,48,2025-02-12,5.7,81.09,completed
885,46,16,2025-02-15,31.9,342.62,completed
886,36,25,2025-01-08,28.6,308.0,completed
887,4,15,2025-03-13,5.5,111.09,completed
888,85,,2025-01-18,,,cancelled
889,49,40,2025-03-08,28.0,299.73,completed
890,54,28,2025-01-31,31.1,570.0,completed
891,43,14,2025-02-27,21.2,394.14,completed
892,88,20,2025-01-26,22.3,249.82,completed
893,18,50,2025-02-25,5.3,109.15,completed
894,21,,2025-02-10,,,cancelled
895,69,10,2025-01-16,23.5,347.86,completed
896,53,48,2025-02-22,29.9,321.93,completed
897,95,13,2025-02-05,4.1,62.64,completed
898,79,37,2025-03-20,19.9,296.6,completed
899,30,,2025-03-29,,,cancelled
900,11,9,2025-03-30,16.5,188.84,completed
901,92,25,2025-03-25,16.1,175.7,completed
902,25,,2025-01-29,,,cancelled
903,2,15,2025-02-04,24.0,358.96,completed
904,27,29,2025-01-09,27.9,506.89,completed
905,42,28,2025-02-28,13.4,249.98,completed
906,95,26,2025-02-18,19.9,223.9,completed
907,77,46,2025-03-10,25.4,271.71,completed
908,58,3,2025-02-28,28.2,292.81,completed
909,69,3,2025-02-20,18.2,203.22,completed
910,81,29,2025-01-07,13.2,251.81,completed
911,37,19,2025-03-01,19.9,210.14,completed
912,67,42,2025-01-19,14.9,232.62,completed
913,15,45,2025-01-24,17.8,196.96,completed
914,42,,2025-02-27,,,cancelled
915,59,13,2025-03-17,28.3,290.65,completed
916,42,46,2025-03-30,25.7,278.52,completed
917,16,,2025-01-12,,,cancelled
918,58,34,2025-03-23,22.9,339.11,completed
919,66,25,2025-03-20,18.0,191.88,completed
920,22,43,2025-02-12,27.7,391.65,completed
921,19,4,2025-01-23,13.9,158.24,completed
922,58,8,2025-02-06,28.8,312.81,completed
923,1,1,2025-03-21,15.1,180.56,completed
924,70,32,2025-01-01,8.2,140.84,completed
925,61,6,2025-02-28,19.6,206.33,completed
926,71,36,2025-02-05,26.4,274.95,completed
927,24,,2025-01-19,,,cancelled
928,45,3,2025-01-05,21.6,241.96,completed
929,39,4,2025-02-12,4.2,79.77,completed
930,21,43,2025-03-28,22.4,329.82,completed
931,72,48,2025-01-23,18.9,218.18,completed
932,12,25,2025-02-08,26.4,285.97,completed
933,71,9,2025-01-09,4.6,80.89,completed
934,43,14,2025-03-09,22.5,416.99,completed
935,14,41,2025-03-15,17.3,186.1,completed
936,93,46,2025-03-30,9.8,125.28,completed
937,41,40,2025-02-03,11.8,134.69,completed
938,73,41,2025-03-05,16.3,191.01,completed
939,79,13,2025-01-30,0.8,28.08,completed
940,81,14,2025-01-16,25.7,479.45,completed
941,53,36,2025-01-06,25.9,270.3,completed
942,82,17,2025-01-26,25.5,365.31,completed
943,65,1,2025-03-12,4.4,68.47,completed
944,51,2,2025-03-14,26.8,278.48,completed
945,44,31,2025-03-28,25.7,374.72,completed
946,62,35,2025-01-20,28.8,302.85,completed
947,53,20,2025-01-08,18.4,208.36,completed
948,72,,2025-03-10,,,cancelled
949,74,23,2025-03-29,2.9,72.58,completed
950,4,41,2025-02-13,17.5,189.57,completed
951,78,8,2025-02-19,27.8,299.13,completed
952,91,18,2025-02-10,13.7,160.09,completed
953,31,20,2025-02-17,7.5,97.3,completed
954,15,50,2025-02-17,7.1,116.28,completed
955,65,33,2025-01-04,5.6,101.28,completed
956,62,21,2025-03-09,5.3,107.93,completed
957,67,14,2025-03-28,23.4,429.33,completed
958,92,,2025-03-08,,,cancelled
959,40,39,2025-01-06,28.0,292.67,completed
960,6,43,2025-01-14,24.1,340.98,completed
961,40,21,2025-03-23,7.1,120.16,completed
962,69,43,2025-02-10,4.5,82.84,completed
963,36,,2025-01-15,,,cancelled
964,80,14,2025-03-13,17.7,333.66,completed
965,35,19,2025-01-19,18.7,201.08,completed
966,40,35,2025-03-20,14.6,161.3,completed
967,61,,2025-03-28,,,cancelled
968,50,,2025-01-07,,,cancelled
969,51,38,2025-01-23,20.4,227.6,completed
970,58,22,2025-03-20,26.3,284.11,completed
971,86,,2025-03-10,,,cancelled
972,60,45,2025-03-14,15.4,175.41,completed
973,88,30,2025-03-24,15.5,186.2,completed
974,19,24,2025-03-20,13.0,206.89,completed
975,86,21,2025-02-12,14.9,218.78,completed
976,61,30,2025-01-15,27.2,284.05,completed
977,45,33,2025-03-19,4.0,89.55,completed
978,14,5,2025-02-11,25.5,272.9,completed
979,52,40,2025-03-17,8.4,102.98,completed
980,62,,2025-02-19,,,cancelled
981,27,28,2025-03-30,18.5,343.19,completed
982,89,43,2025-01-31,3.2,81.18,completed
983,74,,2025-03-04,,,cancelled
984,77,7,2025-03-01,26.4,374.64,completed
985,52,44,2025-01-09,26.2,284.33,completed
986,49,43,2025-02-11,2.7,60.26,completed
987,18,41,2025-03-16,26.1,283.09,completed
988,85,19,2025-01-20,13.0,155.06,completed
989,26,21,2025-01-27,10.2,171.55,completed
990,87,28,2025-02-08,23.2,435.02,completed
991,12,,2025-03-16,,,cancelled
992,66,19,2025-02-21,2.7,63.67,completed
993,7,23,2025-01-01,4.2,97.46,completed
994,4,38,2025-01-31,13.1,150.81,completed
995,49,35,2025-02-21,7.4,93.77,completed
996,18,24,2025-01-25,27.0,382.19,completed
997,86,5,2025-01-17,21.0,222.38,completed
998,63,9,2025-03-26,3.4,65.14,completed
999,54,45,2025-02-28,19.7,215.66,completed
1000,24,36,2025-02-28,26.4,278.49,completed
1001,29,1,2025-01-24,18.8,215.54,completed
1002,31,35,2025-03-06,18.8,199.27,completed
1003,5,24,2025-03-14,4.3,86.82,completed
1004,89,47,2025-01-11,17.2,331.31,completed
1005,36,34,2025-03-01,28.6,402.15,completed
1006,61,43,2025-03-22,3.2,75.23,completed
1007,75,22,2025-02-09,17.5,186.47,completed
1008,59,37,2025-03-07,23.7,343.63,completed
1009,38,45,2025-02-07,29.6,316.19,completed
1010,94,41,2025-03-14,15.6,171.58,completed
1011,7,48,2025-03-26,20.3,218.59,completed
1012,11,18,2025-01-17,8.7,114.97,completed
1013,36,,2025-02-02,,,cancelled
1014,15,38,2025-03-19,23.9,260.23,completed
1015,48,45,2025-01-23,8.2,101.52,completed
1016,68,6,2025-01-05,31.0,326.41,completed
1017,20,27,2025-03-05,24.8,260.36,completed
1018,57,37,2025-03-23,23.7,342.11,completed
1019,83,8,2025-02-03,2.4,52.08,completed
1020,61,49,2025-02-08,29.6,305.87,completed
1021,88,10,2025-02-19,17.3,258.78,completed
1022,37,21,2025-02-27,30.8,443.3,completed
1023,6,41,2025-01-13,11.8,148.98,completed
1024,79,22,2025-03-25,9.2,123.45,completed
1025,33,30,2025-03-25,24.9,271.53,completed
1026,94,13,2025-03-28,17.0,195.05,completed
1027,24,44,2025-02-10,1.1,31.81,completed
1028,53,44,2025-01-13,14.7,164.04,completed
1029,37,2,2025-02-02,20.1,212.09,completed
1030,77,14,2025-03-26,30.5,554.31,completed
1031,91,,2025-01-16,,,cancelled
1032,78,49,2025-01-17,28.9,305.87,completed
1033,24,17,2025-01-15,10.0,166.21,completed
1034,10,18,2025-03-23,24.8,269.44,completed
1035,86,50,2025-02-11,3.1,76.77,completed
1036,49,4,2025-02-19,8.9,120.81,completed
1037,23,,2025-02-26,,,cancelled
1038,26,42,2025-03-20,16.2,238.34,completed
1039,56,7,2025-01-28,29.3,424.0,completed
1040,14,,2025-01-05,,,cancelled
1041,74,2,2025-02-02,28.8,296.58,completed
1042,82,43,2025-01-01,13.0,195.93,completed
1043,43,33,2025-02-20,22.9,339.99,completed
1044,62,47,2025-02-25,25.2,466.63,completed
1045,70,,2025-01-29,,,cancelled
1046,89,35,2025-03-03,30.0,312.18,completed
1047,88,41,2025-02-08,31.9,335.99,completed
1048,47,22,2025-03-10,3.3,60.54,completed
1049,38,36,2025-03-24,2.0,46.68,completed
1050,25,7,2025-02-08,20.5,299.84,completed
1051,11,13,2025-03-22,5.2,73.26,completed
1052,93,25,2025-03-17,2.8,57.41,completed
1053,40,29,2025-03-05,31.0,550.43,completed
1054,44,47,2025-01-08,2.1,58.27,completed
1055,84,44,2025-03-27,28.0,296.73,completed
1056,95,5,2025-03-16,2.0,41.83,completed
1057,84,40,2025-01-03,2.2,54.93,completed
1058,17,4,2025-01-02,29.0,311.91,completed
1059,13,38,2025-02-28,2.8,62.95,completed
1060,15,40,2025-03-05,7.7,109.24,completed
1061,55,48,2025-02-13,22.0,235.48,completed
1062,88,21,2025-03-15,26.9,393.63,completed
1063,6,5,2025-03-17,4.6,66.52,completed
1064,54,36,2025-01-22,5.9,80.92,completed
1065,75,41,2025-01-06,19.9,224.6,completed
1066,3,,2025-03-04,,,cancelled
1067,1,46,2025-01-23,21.1,238.19,completed
1068,54,50,2025-03-30,15.7,231.35,completed
1069,19,29,2025-03-23,13.7,273.03,completed
1070,79,,2025-03-30,,,cancelled
1071,24,6,2025-03-05,20.4,229.45,completed
1072,45,,2025-02-23,,,cancelled
1073,31,,2025-01-25,,,cancelled
1074,68,49,2025-01-13,31.6,330.35,completed
1075,60,18,2025-03-22,2.5,46.0,completed
1076,20,31,2025-03-29,16.3,239.99,completed
1077,6,19,2025-01-07,7.3,94.38,completed
1078,79,,2025-02-28,,,cancelled
1079,95,12,2025-01-07,5.7,96.39,completed
1080,66,,2025-01-15,,,cancelled
1081,31,21,2025-02-26,13.9,219.81,completed
1082,42,21,2025-01-30,7.9,129.81,completed
1083,53,15,2025-01-26,3.1,72.93,completed
1084,7,40,2025-02-25,15.0,170.25,completed
1085,18,41,2025-02-28,12.0,139.39,completed
1086,43,,2025-01-17,,,cancelled
1087,73,8,2025-01-08,27.4,289.47,completed
1088,22,19,2025-02-13,19.6,221.99,completed
1089,82,37,2025-03-20,31.1,450.73,completed
1090,12,32,2025-02-22,27.7,392.74,completed
1091,61,47,2025-03-01,14.2,280.27,completed
1092,32,15,2025-02-11,28.6,412.22,completed
1093,20,27,2025-03-15,31.4,319.1,completed
1094,61,,2025-03-06,,,cancelled
1095,68,45,2025-02-20,26.4,279.85,completed
1096,31,1,2025-01-11,22.4,240.93,completed
1097,28,16,2025-01-17,21.0,221.31,completed
1098,62,46,2025-03-27,15.1,174.86,completed
1099,75,30,2025-01-04,24.9,274.03,completed
1100,52,24,2025-01-24,20.4,305.4,completed
1101,1,,2025-03-22,,,cancelled
1102,89,19,2025-02-12,14.1,159.35,completed
1103,79,14,2025-03-11,25.4,455.96,completed
1104,43,44,2025-01-08,12.2,136.93,completed
1105,50,3,2025-02-16,12.2,139.41,completed
1106,72,50,2025-01-09,7.2,135.39,completed
1107,31,,2025-03-11,,,cancelled
1108,62,45,2025-03-16,7.3,104.25,completed
1109,29,18,2025-02-11,16.5,185.21,completed
1110,7,29,2025-01-09,16.0,304.13,completed
1111,16,44,2025-03-02,26.6,290.69,completed
1112,58,44,2025-03-21,30.3,324.03,completed
1113,9,30,2025-01-25,3.5,61.06,completed
1114,23,5,2025-02-06,4.2,65.42,completed
1115,90,14,2025-01-19,17.0,323.25,completed
1116,38,35,2025-02-23,29.9,313.53,completed
1117,54,2,2025-02-26,9.9,115.31,completed
1118,30,27,2025-03-08,18.9,212.67,completed
1119,42,45,2025-03-04,17.3,195.32,completed
1120,59,20,2025-02-08,6.2,84.1,completed
1121,62,50,2025-02-17,27.2,384.73,completed
1122,37,40,2025-02-28,29.6,315.44,completed
1123,37,46,2025-01-24,22.4,246.13,completed
1124,20,3,2025-01-21,31.8,333.59,completed
1125,57,14,2025-02-03,18.3,333.62,completed
1126,41,29,2025-02-14,17.6,324.21,completed
1127,39,26,2025-01-16,29.8,318.47,completed
1128,59,48,2025-02-10,17.8,199.25,completed
1129,83,19,2025-02-07,31.1,330.53,completed
1130,74,37,2025-03-27,23.5,351.0,completed
1131,44,,2025-03-30,,,cancelled
1132,62,36,2025-01-06,4.4,62.3,completed
1133,80,6,2025-01-29,11.0,136.66,completed
1134,25,50,2025-03-16,9.5,146.8,completed
1135,69,6,2025-02-27,31.2,324.29,completed
1136,63,33,2025-02-10,30.2,439.83,completed
1137,47,28,2025-02-20,12.3,237.79,completed
1138,37,29,2025-02-14,28.1,502.26,completed
1139,94,27,2025-02-26,25.9,271.82,completed
1140,94,27,2025-02-24,5.2,81.14,completed
1141,12,31,2025-01-19,31.6,450.79,completed
1142,43,38,2025-01-09,24.4,253.57,completed
1143,53,27,2025-03-23,6.3,89.09,completed
1144,73,25,2025-01-18,9.8,122.91,completed
1145,39,36,2025-03-16,23.9,251.54,completed
1146,1,41,2025-01-20,26.8,284.05,completed
1147,84,27,2025-03-27,6.4,98.94,completed
1148,83,,2025-02-01,,,cancelled
1149,36,5,2025-03-05,19.5,212.49,completed
1150,62,17,2025-03-14,20.4,300.84,completed
1151,89,47,2025-01-16,18.7,356.68,completed
1152,21,,2025-03-16,,,cancelled
1153,41,9,2025-03-01,12.0,135.06,completed
1154,47,23,2025-02-23,2.3,65.16,completed
1155,82,50,2025-01-10,20.4,306.61,completed
1156,77,21,2025-01-22,26.6,387.48,completed
1157,39,45,2025-02-04,12.1,145.64,completed
1158,46,,2025-01-19,,,cancelled
1159,67,32,2025-02-06,13.7,220.63,completed
1160,21,33,2025-01-14,7.7,126.18,completed
1161,72,34,2025-03-20,27.2,396.01,completed
1162,90,5,2025-01-15,4.4,64.42,completed
1163,3,45,2025-03-03,12.1,151.29,completed
1164,77,22,2025-03-08,6.2,84.99,completed
1165,16,45,2025-01-29,5.2,73.93,completed
1166,17,6,2025-01-27,14.1,169.21,completed
1167,15,,2025-01-10,,,cancelled
1168,62,,2025-02-25,,,cancelled
1169,14,33,2025-01-05,19.3,286.07,completed
1170,33,,2025-01-06,,,cancelled
1171,86,8,2025-01-02,29.5,304.36,completed
1172,26,2,2025-01-24,3.6,71.12,completed
1173,36,11,2025-03-16,27.5,401.37,completed
1174,79,5,2025-01-31,3.9,68.61,completed
1175,2,13,2025-03-09,30.9,316.99,completed
1176,69,7,2025-01-01,29.6,432.09,completed
1177,91,38,2025-03-02,6.6,96.17,completed
1178,14,25,2025-01-24,14.0,163.29,completed
1179,53,21,2025-01-15,4.7,84.72,completed
1180,18,46,2025-03-05,9.8,127.54,completed
1181,11,25,2025-02-11,9.6,123.21,completed
1182,40,29,2025-03-29,7.8,161.53,completed
1183,55,31,2025-01-25,30.1,427.68,completed
1184,2,7,2025-03-28,13.2,206.01,completed
1185,87,,2025-01-11,,,cancelled
1186,51,7,2025-02-21,23.9,355.72,completed
1187,22,13,2025-01-09,11.4,140.2,completed
1188,52,28,2025-01-16,23.4,425.71,completed
1189,92,49,2025-03-16,25.4,274.18,completed
1190,52,39,2025-02-15,30.4,328.55,completed
1191,66,30,2025-02-05,4.2,64.91,completed
1192,64,9,2025-01-30,1.7,50.91,completed
1193,9,12,2025-03-05,12.7,202.49,completed
1194,20,7,2025-02-08,24.5,359.07,completed
1195,67,13,2025-03-05,10.0,124.96,completed
1196,65,35,2025-02-03,17.9,209.1,completed
1197,5,8,2025-02-25,12.8,147.89,completed
1198,49,3,2025-02-26,6.3,93.04,completed
1199,39,9,2025-01-22,10.5,127.53,completed
1200,15,43,2025-03-14,18.1,271.52,completed
